ID,Hide,Prefix,Design,Name (NPC only),Image URL,Image,Preview,Humanoid image URL, Humanoid Image,Preview,Type,Species,Owner,Seeker,Relationship,Heartbound Crystal,Artist,Designer,Value,Status,Rarity,Main Story Clear,Notes,Traits
1,FALSE,,Pebble,Pebble,https://f2.toyhou.se/file/f2-toyhou-se/images/84377636_qDs7Vjzso3mYpbG.png,https://f2.toyhou.se/file/f2-toyhou-se/images/84377636_qDs7Vjzso3mYpbG.png,,https://f2.toyhou.se/file/f2-toyhou-se/images/84377645_VymP2xihA5n87q0.png,https://f2.toyhou.se/file/f2-toyhou-se/images/84377645_VymP2xihA5n87q0.png,,NPC,Dragon,Limatrix,,25,FALSE,Ninovel,Ninovel,0,Soulbound,Common,,https://toyhou.se/28243986.pebble,"Gold, Astral Ring"
2,FALSE,,Peridot,Peridot,https://f2.toyhou.se/file/f2-toyhou-se/images/84346052_8Oab5Ev815hVJGJ.png,https://f2.toyhou.se/file/f2-toyhou-se/images/84346052_8Oab5Ev815hVJGJ.png,,https://f2.toyhou.se/file/f2-toyhou-se/images/84346025_eJig4S0kR417jJu.png,https://f2.toyhou.se/file/f2-toyhou-se/images/84346025_eJig4S0kR417jJu.png,,NPC,Dragon,Limatrix,,40,TRUE,Ninovel,Ninovel,0,Soulbound,Common,,https://toyhou.se/28243957.princess-peridot,Gold
3,FALSE,,Snow,Snow,https://f2.toyhou.se/file/f2-toyhou-se/images/85238198_xQC8cPdTpI3iPk1.png,https://f2.toyhou.se/file/f2-toyhou-se/images/85238198_xQC8cPdTpI3iPk1.png,,,,,NPC,Dragon,kkurozu,,,FALSE,Ninovel,Ninovel,0,Soulbound,Rare,,https://toyhou.se/28244162.snow,"Gold, Shimmer, Spike"
4,FALSE,,Sugar,Sugar,https://f2.toyhou.se/file/f2-toyhou-se/images/85238238_6Iz01j1ciCiMqeq.png,https://f2.toyhou.se/file/f2-toyhou-se/images/85238238_6Iz01j1ciCiMqeq.png,,,,,NPC,Leviathan,Ninovel,,,FALSE,Ninovel,"Ninovel, Kurozu",0,Soulbound,Common,,https://toyhou.se/28244182.sugar,Gold
5,FALSE,,Leo,Leo,https://f2.toyhou.se/file/f2-toyhou-se/characters/28347922?1721560503,https://f2.toyhou.se/file/f2-toyhou-se/characters/28347922?1721560503,,,,,NPC,Behemoth,Ninovel,,,FALSE,Ninovel,Ninovel,0,Soulbound,Common,,https://toyhou.se/28347922.leo,Gold
6,FALSE,,Puffait,Puffait,https://f2.toyhou.se/file/f2-toyhou-se/characters/29038801?1725124786,https://f2.toyhou.se/file/f2-toyhou-se/characters/29038801?1725124786,,,,,NPC,Puff Colony,Limatrix,,,FALSE,Ninovel,Ninovel,0,Soulbound,Exclusive,,https://toyhou.se/29038801.puffait,Puff Colony
7,TRUE,PUF,PUF-0001,,,https://img-l.ink/img/1QEduYq4NDCGMnNmFcY8mKSeZ_jpsgtCe.png,,,,,Official Design,,,,,FALSE,,,,,,,,
8,TRUE,PUF,PUF-0002,,,https://img-l.ink/img/1QEduYq4NDCGMnNmFcY8mKSeZ_jpsgtCe.png,,,,,Official Design,,,,,FALSE,,,,,,,,
9,TRUE,PUF,PUF-0003,,,https://img-l.ink/img/1QEduYq4NDCGMnNmFcY8mKSeZ_jpsgtCe.png,,,,,Official Design,,,,,FALSE,,,,,,,,
10,TRUE,PUF,PUF-0004,,,https://img-l.ink/img/1QEduYq4NDCGMnNmFcY8mKSeZ_jpsgtCe.png,,,,,Official Design,,,,,FALSE,,,,,,,,
11,FALSE,,Momo,Momo,https://f2.toyhou.se/file/f2-toyhou-se/images/85596962_UOW04acF49CnWzF.png,https://f2.toyhou.se/file/f2-toyhou-se/images/85596962_UOW04acF49CnWzF.png,,,,,NPC,Dragon,Limatrix,Poki Bloodfallen,,FALSE,Ninovel,Ninovel,0,Soulbound,Common,,https://toyhou.se/28348041.myo-0000,"Fluffy tail, Spike"
12,FALSE,PUF,PUF-0005,,https://f2.toyhou.se/file/f2-toyhou-se/images/85250169_qfOkWrkL2ie148i.png?1721559282,https://f2.toyhou.se/file/f2-toyhou-se/images/85250169_qfOkWrkL2ie148i.png?1721559282,,,,,Official Design,Wyvern,MadeYouBlink / modelr03,,,FALSE,Ninovel,Ninovel,0,Soulbound,Rare,,https://toyhou.se/28244032.puf-0005,"Glass, Radiant Crack, Double Limb"
13,TRUE,PUF,PUF-0006,,,https://img-l.ink/img/1QEduYq4NDCGMnNmFcY8mKSeZ_jpsgtCe.png,,,,,Official Design,,,,,FALSE,,,,,,,,
14,FALSE,PUF,PUF-0007,,https://f2.toyhou.se/file/f2-toyhou-se/characters/28347745?1721559138,https://f2.toyhou.se/file/f2-toyhou-se/characters/28347745?1721559138,,,,,Official Design,Leviathan,IzzyEevee,SEEKER-0001,,FALSE,Ninovel,Ninovel,85,,Rare,,https://toyhou.se/28347745.puf-0007,"Gold, Levitate"
15,TRUE,PUF,PUF-0008,,,https://img-l.ink/img/1QEduYq4NDCGMnNmFcY8mKSeZ_jpsgtCe.png,,,,,Official Design,,,,,FALSE,,,,,,,,
16,TRUE,PUF,PUF-0009,,,https://img-l.ink/img/1QEduYq4NDCGMnNmFcY8mKSeZ_jpsgtCe.png,,,,,Official Design,,,,,FALSE,,,,,,,,
17,FALSE,PUF,PUF-0010,,https://f2.toyhou.se/file/f2-toyhou-se/characters/28348088?1721562145,https://f2.toyhou.se/file/f2-toyhou-se/characters/28348088?1721562145,,,,,Official Design,Dragon,happimochi,,,FALSE,Ninovel,Ninovel,85,,Rare,,https://toyhou.se/28348088.puf-0010,"Magic Marking, Gold, Curl Wing, Pompom tip"
18,FALSE,PUF,PUF-0011,,https://f2.toyhou.se/file/f2-toyhou-se/characters/28574621?1722751598,https://f2.toyhou.se/file/f2-toyhou-se/characters/28574621?1722751598,,,,,Official Design,Dragon,tsunyomichan,,,FALSE,Ninovel,Ninovel,75,,Uncommon,,https://toyhou.se/28574621.puf-0011,"Gold, Crystal"
19,TRUE,PUF,PUF-0012,,,https://img-l.ink/img/1QEduYq4NDCGMnNmFcY8mKSeZ_jpsgtCe.png,,,,,Official Design,,,,,FALSE,,,,,,,,
20,FALSE,PUF,PUF-0013,,https://f2.toyhou.se/file/f2-toyhou-se/characters/28554118?1722660357,https://f2.toyhou.se/file/f2-toyhou-se/characters/28554118?1722660357,,,,,Official Design,Behemoth,kewkiejar,SEEKER-0002,,FALSE,Ninovel,Ninovel,85,,Rare,,https://toyhou.se/28554118.puf-0013,"Glass, Flora, Adaptable horn, Pompom tip"
21,FALSE,PUF,PUF-0014,,https://f2.toyhou.se/file/f2-toyhou-se/characters/28607525?1722898379,https://f2.toyhou.se/file/f2-toyhou-se/characters/28607525?1722898379,,,,,Official Design,Wyvern,smiles_styles,,,FALSE,Ninovel,Ninovel,500,,Rare,,https://toyhou.se/28607525.puf-0014,"Gold, Adaptable horn"
22,FALSE,PUF,PUF-0015,,https://f2.toyhou.se/file/f2-toyhou-se/characters/28931901?1724667070,https://f2.toyhou.se/file/f2-toyhou-se/characters/28931901?1724667070,,,,,Official Design,Dragon,apology,,,FALSE,Ninovel,Ninovel,400,,Rare,,https://toyhou.se/28931901.puf-0015,"Gold, Adaptable horn, Crystal, Magic Marking"
23,FALSE,PUF,PUF-0016,,https://f2.toyhou.se/file/f2-toyhou-se/characters/28669910?1723198950,https://f2.toyhou.se/file/f2-toyhou-se/characters/28669910?1723198950,,,,,Official Design,Dragon,fenalu,,,FALSE,Ninovel,Ninovel,50,,Rare,,https://toyhou.se/28669910.puf-0016,"Bone, Adaptable horn"
24,FALSE,PUF,PUF-0017,,https://f2.toyhou.se/file/f2-toyhou-se/characters/28669942?1723199296,https://f2.toyhou.se/file/f2-toyhou-se/characters/28669942?1723199296,,,,,Official Design,Wyvern,skyhighguy,,,FALSE,Ninovel,Ninovel,95,,Rare,,https://toyhou.se/28669942.puf-0017,"Adaptable horn, Fluffy tail, Glow, Extra large wings"
25,FALSE,PUF,PUF-0018,,https://f2.toyhou.se/file/f2-toyhou-se/characters/28669983?1723199624,https://f2.toyhou.se/file/f2-toyhou-se/characters/28669983?1723199624,,,,,Official Design,Dragon,tsunyomichan,,,FALSE,Ninovel,Ninovel,50,,Rare,,https://toyhou.se/28669983.puf-0018,"Extra large ear, Adaptable horn, Pompom tip"
26,FALSE,PUF,PUF-0019,,https://f2.toyhou.se/file/f2-toyhou-se/characters/28670017?1723199969,https://f2.toyhou.se/file/f2-toyhou-se/characters/28670017?1723199969,,,,,Official Design,Dragon,skyhighguy,,,FALSE,Ninovel,Ninovel,65,,Rare,,https://toyhou.se/28670017.puf-0019,"Fire, Armor Scale, Gold"
27,FALSE,PUF,PUF-0020,,https://f2.toyhou.se/file/f2-toyhou-se/characters/28670045?1723200181,https://f2.toyhou.se/file/f2-toyhou-se/characters/28670045?1723200181,,,,,Official Design,Behemoth,lunchdoggy,,,FALSE,Ninovel,Ninovel,250,,Rare,,https://toyhou.se/28670045.puf-0020,"Gold, Adaptable horn, Extra large horn, Bone"
28,FALSE,PUF,PUF-0021,,https://f2.toyhou.se/file/f2-toyhou-se/characters/28670063?1723200375,https://f2.toyhou.se/file/f2-toyhou-se/characters/28670063?1723200375,,,,,Official Design,Leviathan,NightWind,,,FALSE,Ninovel,Ninovel,60,,Rare,,https://toyhou.se/28670063.puf-0021,"Magic Marking, Water, Fluffy tail"
29,FALSE,PUF,PUF-0022,,https://f2.toyhou.se/file/f2-toyhou-se/characters/30633502?1734244081,https://f2.toyhou.se/file/f2-toyhou-se/characters/30633502?1734244081,,,,,Official Design,Puff Colony,AidenHadAids,,,FALSE,Ninovel,Ninovel,20,,,,https://toyhou.se/30633502.puf-0022,Puff Colony
30,FALSE,PUF,PUF-0023,,https://f2.toyhou.se/file/f2-toyhou-se/characters/29088607?1725382892,https://f2.toyhou.se/file/f2-toyhou-se/characters/29088607?1725382892,,,,,Official Design,Puff Colony,PSToyhouse,,,FALSE,Ninovel,Ninovel,20,,,,https://toyhou.se/29088607.puf-0023,Puff Colony
31,FALSE,PUF,PUF-0024,,https://f2.toyhou.se/file/f2-toyhou-se/characters/29054209?1725207245,https://f2.toyhou.se/file/f2-toyhou-se/characters/29054209?1725207245,,,,,Official Design,Puff Colony,pinkchocolate,,,FALSE,Ninovel,Ninovel,50,,,,https://toyhou.se/29054209.puf-0024,Puff Colony
32,FALSE,PUF,PUF-0025,,https://f2.toyhou.se/file/f2-toyhou-se/characters/29054150?1725206890,https://f2.toyhou.se/file/f2-toyhou-se/characters/29054150?1725206890,,,,,Official Design,Puff Colony,pinkchocolate,,,FALSE,Ninovel,Ninovel,50,,,,https://toyhou.se/29054150.puf-0025,Puff Colony
33,FALSE,PUF,PUF-0026,,https://f2.toyhou.se/file/f2-toyhou-se/characters/29088748?1725383559,https://f2.toyhou.se/file/f2-toyhou-se/characters/29088748?1725383559,,,,,Official Design,Puff Colony,dino_draws,,,FALSE,Ninovel,Ninovel,20,,,,https://toyhou.se/29088748.puf-0026,Puff Colony
34,FALSE,PUF,PUF-0027,,https://f2.toyhou.se/file/f2-toyhou-se/characters/29041392?1725135650,https://f2.toyhou.se/file/f2-toyhou-se/characters/29041392?1725135650,,,,,Official Design,Puff Colony,fenalu,,,FALSE,Ninovel,Ninovel,50,,,,https://toyhou.se/29041392.puf-0027,Puff Colony
35,FALSE,PUF,PUF-0028,,https://f2.toyhou.se/file/f2-toyhou-se/characters/29249579?1726296848,https://f2.toyhou.se/file/f2-toyhou-se/characters/29249579?1726296848,,,,,Official Design,Puff Colony,Limatrix,,,FALSE,Ninovel,Ninovel,20,,,,https://toyhou.se/29249579.puf-0028,Puff Colony
36,FALSE,PUF,PUF-0029,,https://f2.toyhou.se/file/f2-toyhou-se/characters/29375681?1727006432,https://f2.toyhou.se/file/f2-toyhou-se/characters/29375681?1727006432,,,,,Official Design,Behemoth,jelly.jiggler,,,FALSE,Ninovel,Ninovel,350,,Common,,https://toyhou.se/29375681.puf-0029,"Pearl, Fluffy tail"
37,FALSE,PUF,PUF-0030,,https://f2.toyhou.se/file/f2-toyhou-se/characters/30002969?1730640308,https://f2.toyhou.se/file/f2-toyhou-se/characters/30002969?1730640308,,,,,Official Design,Dragon,_reddish,,,FALSE,Ninovel,Ninovel,605,,Rare,,https://toyhou.se/30002969.puf-0030,"Crystal, Curl Wing, Metal, Flora, Adaptable horn, Living Doll"
38,FALSE,PUF,PUF-0031,,https://f2.toyhou.se/file/f2-toyhou-se/characters/30003341?1730642749,https://f2.toyhou.se/file/f2-toyhou-se/characters/30003341?1730642749,,,,,Official Design,Behemoth,kewkiejar,SEEKER-0002,,FALSE,Ninovel,Ninovel,100,,Rare,,https://toyhou.se/30003341.puf-0031,"Spirit, Metal, Spike, Levitate, Adaptable horn"
39,FALSE,PUF,PUF-0032,,https://f2.toyhou.se/file/f2-toyhou-se/characters/30027293?1730764341,https://f2.toyhou.se/file/f2-toyhou-se/characters/30027293?1730764341,,,,,Official Design,Dragon,elysianwaltz,,,FALSE,Ninovel,Ninovel,130,,Rare,,https://toyhou.se/30027293.puf-0032,"Necromancer, Bone, Adaptable horn"
40,FALSE,PUF,PUF-0033,,https://f2.toyhou.se/file/f2-toyhou-se/characters/30003636?1730644569,https://f2.toyhou.se/file/f2-toyhou-se/characters/30003636?1730644569,,,,,Official Design,Leviathan,tsunyomichan,,,FALSE,Ninovel,Ninovel,115,,Rare,,https://toyhou.se/30003636.puf-0033,"Transparent, Double Limb, Adaptable horn"
41,FALSE,PUF,PUF-0034,,https://f2.toyhou.se/file/f2-toyhou-se/characters/30003933?1730646260,https://f2.toyhou.se/file/f2-toyhou-se/characters/30003933?1730646260,,,,,Official Design,Wyvern,necromite,,,FALSE,Ninovel,Ninovel,300,,Rare,,https://toyhou.se/30003933.puf-0034,"Corrupted, Hand-wings, Cross Tail-tip, Double Limb, Adaptable horn, Astral Ring"
42,TRUE,PUF,PUF-0035,,,https://img-l.ink/img/1QEduYq4NDCGMnNmFcY8mKSeZ_jpsgtCe.png,,,,,Official Design,,,,,FALSE,,,,,,,,
43,TRUE,PUF,PUF-0036,,,https://img-l.ink/img/1QEduYq4NDCGMnNmFcY8mKSeZ_jpsgtCe.png,,,,,Official Design,,,,,FALSE,,,,,,,,
44,TRUE,PUF,PUF-0037,,,https://img-l.ink/img/1QEduYq4NDCGMnNmFcY8mKSeZ_jpsgtCe.png,,,,,Official Design,,,,,FALSE,,,,,,,,
45,TRUE,PUF,PUF-0038,,,https://img-l.ink/img/1QEduYq4NDCGMnNmFcY8mKSeZ_jpsgtCe.png,,,,,Official Design,,,,,FALSE,,,,,,,,
46,TRUE,PUF,PUF-0039,,,https://img-l.ink/img/1QEduYq4NDCGMnNmFcY8mKSeZ_jpsgtCe.png,,,,,Official Design,,,,,FALSE,,,,,,,,
47,FALSE,PUF,PUF-0040,,https://f2.toyhou.se/file/f2-toyhou-se/characters/30876426?1735650774,https://f2.toyhou.se/file/f2-toyhou-se/characters/30876426?1735650774,,,,,Official Design,Dragon,pohsivix,SEEKER-0004,5,FALSE,Ninovel,Ninovel,405,,Rare,,https://toyhou.se/30876426.puf-0040,"Puff in a box, Adaptable horn, Armor Scale, Curl Wing, No Webbing, Metal"
48,FALSE,PUF,PUF-0041,,https://f2.toyhou.se/file/f2-toyhou-se/characters/30939078?1735951430,https://f2.toyhou.se/file/f2-toyhou-se/characters/30939078?1735951430,,https://f2.toyhou.se/file/f2-toyhou-se/images/93633481_bM8RW2VDbt2e9eW.jpg,https://f2.toyhou.se/file/f2-toyhou-se/images/93633481_bM8RW2VDbt2e9eW.jpg,,Official Design,Wyvern,Limatrix,,,FALSE,Ninovel,Ninovel,150,,Rare,,https://toyhou.se/30939078.puf-0041,"Adaptable horn, Double Limb, Flora, Pompom tip, Gold, Astral Ring"
49,FALSE,PUF,PUF-0042,,https://f2.toyhou.se/file/f2-toyhou-se/characters/30939242?1735952144,https://f2.toyhou.se/file/f2-toyhou-se/characters/30939242?1735952144,,https://f2.toyhou.se/file/f2-toyhou-se/images/93634111_WjVnW4DYo39OxzO.jpg,https://f2.toyhou.se/file/f2-toyhou-se/images/93634111_WjVnW4DYo39OxzO.jpg,,Official Design,Wyvern,Limatrix,,,FALSE,Kurozu,Kurozu,80,,Rare,,https://toyhou.se/30939242.puf-0042,"Adaptable horn, Double Limb, Flora, Pompom tip, Gold, Astral Ring"
50,FALSE,PUF,PUF-0043,,https://f2.toyhou.se/file/f2-toyhou-se/characters/31067772?1736614108,https://f2.toyhou.se/file/f2-toyhou-se/characters/31067772?1736614108,,,,,Official Design,Behemoth,mirafleurs,,,FALSE,Ninovel,Ninovel,215,,Rare,,https://toyhou.se/31067772.puf-0043,"Adaptable horn, Gold, Flora, Sprout Shape Tail-tip"
51,FALSE,PUF,PUF-0044,,https://f2.toyhou.se/file/f2-toyhou-se/characters/31081625?1736669491,https://f2.toyhou.se/file/f2-toyhou-se/characters/31081625?1736669491,,,,,Official Design,Wyvern,shidrome,,,FALSE,Ninovel,Ninovel,160,,Rare,,https://toyhou.se/31081625.puf-0044,"Adaptable horn, Gold, Double Limb, Astral, Insect Wing"
52,FALSE,PUF,PUF-0045,,https://f2.toyhou.se/file/f2-toyhou-se/characters/31081935?1736671476,https://f2.toyhou.se/file/f2-toyhou-se/characters/31081935?1736671476,,,,,Official Design,Leviathan,dunkhaerion,,,FALSE,Ninovel,Ninovel,140,,Rare,,https://toyhou.se/31081935.puf-0045,"Adaptable horn, One-Horn, Levitate, Magic Marking, Astral Ring, Water"
53,FALSE,PUF,PUF-0046,,https://f2.toyhou.se/file/f2-toyhou-se/characters/31082029?1736672157,https://f2.toyhou.se/file/f2-toyhou-se/characters/31082029?1736672157,,,,,Official Design,Dragon,tswueeet,,,FALSE,Ninovel,Ninovel,120,,Rare,,https://toyhou.se/31082029.puf-0046,"Adaptable horn, Gold, Pompom tip"
54,FALSE,PUF,PUF-0047,,https://f2.toyhou.se/file/f2-toyhou-se/characters/31201153?1737285206,https://f2.toyhou.se/file/f2-toyhou-se/characters/31201153?1737285206,,,,,Official Design,Behemoth,pohsivix,,,FALSE,Ninovel,Ninovel,200,,Rare,,https://toyhou.se/31201153.puf-0047,"Adaptable horn, Double Limb, Darkness, Crystal, Spike, Spiky fur"
55,FALSE,PUF,PUF-0048,,https://f2.toyhou.se/file/f2-toyhou-se/characters/31682225?1739784319,https://f2.toyhou.se/file/f2-toyhou-se/characters/31682225?1739784319,,,,,Official Design,Dragon,sessoum,,,FALSE,Ninovel,Ninovel,350,,Rare,,https://toyhou.se/31682225.puf-0048,"Adaptable horn, Living Doll"
56,FALSE,PUF,PUF-0049,,https://f2.toyhou.se/file/f2-toyhou-se/characters/31682252?1739784562,https://f2.toyhou.se/file/f2-toyhou-se/characters/31682252?1739784562,,,,,Official Design,Dragon,Limatrix,,,FALSE,Ninovel,Ninovel,150,,Rare,,https://toyhou.se/31682252.puf-0049,Twins
57,FALSE,PUF,PUF-0050,,https://f2.toyhou.se/file/f2-toyhou-se/characters/31682283?1739784881,https://f2.toyhou.se/file/f2-toyhou-se/characters/31682283?1739784881,,,,,Official Design,Dragon,apology,,,FALSE,Ninovel,Ninovel,60,,Rare,,https://toyhou.se/31682283.puf-0050,Adaptable Horn
58,FALSE,PUF,PUF-0051,,https://f2.toyhou.se/file/f2-toyhou-se/characters/31682303?1739785072,https://f2.toyhou.se/file/f2-toyhou-se/characters/31682303?1739785072,,,,,Official Design,Dragon,sessoum,,,FALSE,Ninovel,Ninovel,350,,Rare,,https://toyhou.se/31682303.puf-0051,Pastry
59,TRUE,PUF,PUF-0052,,,https://img-l.ink/img/1QEduYq4NDCGMnNmFcY8mKSeZ_jpsgtCe.png,,,,,Official Design,,,,,,,,,,,,,
60,FALSE,PUF,PUF-0053,,https://f2.toyhou.se/file/f2-toyhou-se/characters/33266156?1748064169,https://f2.toyhou.se/file/f2-toyhou-se/characters/33266156?1748064169,,,,,Official Design,Behemoth,estriox,SEEKER-0005,,FALSE,Ninovel,Ninovel,85,,Rare,,https://toyhou.se/33266156.puf-0053,"Adaptable horn, Gold, Armor Scale, Magic Marking, Flora, Extra large horn"
61,FALSE,PUF,PUF-0054,,https://f2.toyhou.se/file/f2-toyhou-se/characters/33638931?1750020474,https://f2.toyhou.se/file/f2-toyhou-se/characters/33638931?1750020474,,,,,Official Design,Leviathan,Limatrix,,,FALSE,Ninovel,Ninovel,50,,Rare,,https://toyhou.se/33638931.puf-0054,"Magic Marking, Shark"
62,FALSE,PUF,PUF-0055,,https://f2.toyhou.se/file/f2-toyhou-se/characters/33639006?1750020751,https://f2.toyhou.se/file/f2-toyhou-se/characters/33639006?1750020751,,,,,Official Design,Behemoth,Limatrix,,,FALSE,Ninovel,Ninovel,50,,Rare,,https://toyhou.se/33639006.puf-0055,Adaptable horn
63,FALSE,PUF,PUF-0056,,https://f2.toyhou.se/file/f2-toyhou-se/characters/33639284?1750021935,https://f2.toyhou.se/file/f2-toyhou-se/characters/33639284?1750021935,,,,,Official Design,Wyvern,Limatrix,,,FALSE,Ninovel,Ninovel,50,,Rare,,https://toyhou.se/33639284.puf-0056,"Gold, Feathers, Peacock"
64,FALSE,PUF,PUF-0057,,https://f2.toyhou.se/file/f2-toyhou-se/characters/33808024?1750863359,https://f2.toyhou.se/file/f2-toyhou-se/characters/33808024?1750863359,,,,,Official Design,Dragon,pohsivix,,,FALSE,Ninovel,Ninovel,250,,Uncommon,,https://toyhou.se/33808024.puf-0057,Brush Tail tip
65,FALSE,PUF,PUF-0058,,https://f2.toyhou.se/file/f2-toyhou-se/characters/33808131?1750863932,https://f2.toyhou.se/file/f2-toyhou-se/characters/33808131?1750863932,,,,,Official Design,Dragon,prisma_xerelius,,,FALSE,Ninovel,Ninovel,150,,Rare,,https://toyhou.se/33808131.puf-0058,"Gold, Shimmer, Levitate, Glow"
66,FALSE,PUF,PUF-0059,,https://f2.toyhou.se/file/f2-toyhou-se/characters/33808164?1750864092,https://f2.toyhou.se/file/f2-toyhou-se/characters/33808164?1750864092,,,,,Official Design,Behemoth,prisma_xerelius,,,FALSE,Ninovel,Ninovel,150,,Rare,,https://toyhou.se/33808164.puf-0059,"Gold, Adaptable horn"
67,TRUE,PUF,PUF-0060,,https://f2.toyhou.se/file/f2-toyhou-se/characters/28992438?1724866826,https://f2.toyhou.se/file/f2-toyhou-se/characters/28992438?1724866826,,,,,Official Design,Leviathan,fenalu,,,,Ninovel,Ninovel,210,Voided,Rare,,https://toyhou.se/28992438.puf-0022,
68,FALSE,MYO,MYO-0001,,https://f2.toyhou.se/file/f2-toyhou-se/images/85700345_ddMLcgsgvy7YDRu.png,https://f2.toyhou.se/file/f2-toyhou-se/images/85700345_ddMLcgsgvy7YDRu.png,,,,,MYO Design,Dragon,fenalu,,,FALSE,Fenalu,Fenalu,40,,Rare,,https://toyhou.se/28378609.puf-0012,"Insect Wing, Crystal, Shimmer, Gold"
69,FALSE,MYO,MYO-0002,,https://f2.toyhou.se/file/f2-toyhou-se/images/91113854_3dJY4EzJHNyA7Mw.png,https://f2.toyhou.se/file/f2-toyhou-se/images/91113854_3dJY4EzJHNyA7Mw.png,,,,,MYO Design,Behemoth,xurylix_astrenia,SEEKER-0003,,FALSE,Xurylix,Xurylix,40,,Rare,,https://toyhou.se/30115493.puf-0035,"Double Limb, Adaptable horn, Extra large horn, Darkness"
70,FALSE,MYO,MYO-0003,,https://f2.toyhou.se/file/f2-toyhou-se/images/90968022_2kwFumo091iBf34.png,https://f2.toyhou.se/file/f2-toyhou-se/images/90968022_2kwFumo091iBf34.png,,,,,MYO Design,Puff Colony,xurylix_astrenia,,,FALSE,Xurylix,Xurylix,10,,,,https://toyhou.se/30070863.puf-0036,Puff Colony
71,FALSE,MYO,MYO-0004,,https://f2.toyhou.se/file/f2-toyhou-se/images/91553099_QgsKpvyD3N97VsM.png,https://f2.toyhou.se/file/f2-toyhou-se/images/91553099_QgsKpvyD3N97VsM.png,,,,,MYO Design,Puff Colony,xurylix_astrenia,,,FALSE,Xurylix,Xurylix,10,,,,https://toyhou.se/30258844.puf-0037,Puff Colony
72,FALSE,MYO,MYO-0005,,,https://img-l.ink/img/1QEduYq4NDCGMnNmFcY8mKSeZ_jpsgtCe.png,,,,,MYO Slot,Puff Colony,xurylix_astrenia,,,FALSE,,,,,,,,
73,FALSE,MYO,MYO-0006,,,https://img-l.ink/img/1QEduYq4NDCGMnNmFcY8mKSeZ_jpsgtCe.png,,,,,MYO Slot,Puff Colony,xurylix_astrenia,,,FALSE,,,,,,,,
74,FALSE,MYO,MYO-0007,,,https://img-l.ink/img/1QEduYq4NDCGMnNmFcY8mKSeZ_jpsgtCe.png,,,,,MYO Slot,,oMnoMgoMs,,,FALSE,,,,,Rare,,,
75,FALSE,MYO,MYO-0008,,https://f2.toyhou.se/file/f2-toyhou-se/images/109110527_y06x7MlPq7FW1Xr.png,https://f2.toyhou.se/file/f2-toyhou-se/images/109110527_y06x7MlPq7FW1Xr.png,,https://f2.toyhou.se/file/f2-toyhou-se/images/109110563_nB5S6ci3j6A9ooT.png,https://f2.toyhou.se/file/f2-toyhou-se/images/109110563_nB5S6ci3j6A9ooT.png,,MYO Design,Dragon,_reddish,,,FALSE,,,,,Rare,,,"Adaptable horn, Curl Wing, Pearl, Glass, Crystal, Shimmer, Astral Ring, Gold, Magic Marking, Flora, Glow"
76,FALSE,MYO,MYO-0009,,,https://img-l.ink/img/1QEduYq4NDCGMnNmFcY8mKSeZ_jpsgtCe.png,,,,,MYO Slot,,meridiancore,,,FALSE,,,,,Rare,,,
77,FALSE,MYO,MYO-0010,,,https://img-l.ink/img/1QEduYq4NDCGMnNmFcY8mKSeZ_jpsgtCe.png,,,,,MYO Slot,,realestcat,,,FALSE,,,,,,,,
78,TRUE,PUF,PUF-0061,,https://f2.toyhou.se/file/f2-toyhou-se/images/105664737_Mpmn6kwTtNUhURq.png,https://f2.toyhou.se/file/f2-toyhou-se/images/105664737_Mpmn6kwTtNUhURq.png,,,,,Official Design,Wyvern,Ninovel,,,FALSE,,,,,,,,"Puff in a box, Adaptable horn, Pompom tip"
79,FALSE,PUF,PUF-0062,,https://f2.toyhou.se/file/f2-toyhou-se/images/105665066_ErO0DCS8bgC0aNf.png,https://f2.toyhou.se/file/f2-toyhou-se/images/105665066_ErO0DCS8bgC0aNf.png,,,,,Official Design,Wyvern,Limatrix,,,FALSE,,,,,,,,Fluffy tail
80,FALSE,PUF,PUF-0063,,https://f2.toyhou.se/file/f2-toyhou-se/images/105665142_S6ZJtJYhxFoTIQV.png,https://f2.toyhou.se/file/f2-toyhou-se/images/105665142_S6ZJtJYhxFoTIQV.png,,,,,Official Design,Behemoth,Limatrix,,,FALSE,,,,,,,,"Flora, Adaptable horn, Pompom tip"
81,FALSE,PUF,PUF-0064,,https://f2.toyhou.se/file/f2-toyhou-se/images/105665377_YsPO36ZP31AFA7T.png,https://f2.toyhou.se/file/f2-toyhou-se/images/105665377_YsPO36ZP31AFA7T.png,,,,,Official Design,Leviathan,Limatrix,,,FALSE,,,,,,,,"Coral, Adaptable horn, Double Limb"
82,FALSE,,Fern,Fern,https://f2.toyhou.se/file/f2-toyhou-se/images/106250852_yjpzREsQohP15WL.png,https://f2.toyhou.se/file/f2-toyhou-se/images/106250852_yjpzREsQohP15WL.png,,,,,NPC,Dragon,Ninovel,,,FALSE,Ninovel,Ninovel,0,Soulbound,Common,,,
83,FALSE,,Daisy,Daisy,https://f2.toyhou.se/file/f2-toyhou-se/images/106250855_a8UEc777WD3yWAt.png,https://f2.toyhou.se/file/f2-toyhou-se/images/106250855_a8UEc777WD3yWAt.png,,,,,NPC,Dragon,Ninovel,,,FALSE,Ninovel,Ninovel,0,Soulbound,Common,,,
84,FALSE,,Clover,Clover,https://f2.toyhou.se/file/f2-toyhou-se/images/106250860_RwRhDHNl1X7RAGD.png,https://f2.toyhou.se/file/f2-toyhou-se/images/106250860_RwRhDHNl1X7RAGD.png,,,,,NPC,Dragon,Ninovel,,,FALSE,Ninovel,Ninovel,0,Soulbound,Common,,,
85,FALSE,,King,King,https://drive.google.com/file/d/1apsT96twYn8yIWXjJ8y1Y_LVCEnT7gy_/view?usp=sharing,https://img-l.ink/img/1apsT96twYn8yIWXjJ8y1Y_LVCEnT7gy_.png,,,,,NPC,Dragon,Ninovel,,,FALSE,Ninovel,Ninovel,0,Soulbound,Common,,,
86,FALSE,,Queen,Queen,https://drive.google.com/file/d/16M91fnhb62M0ExxzfBgjA5RaeKgWiSUN/view?usp=sharing,https://img-l.ink/img/16M91fnhb62M0ExxzfBgjA5RaeKgWiSUN.png,,,,,NPC,Dragon,Ninovel,,,FALSE,Ninovel,Ninovel,0,Soulbound,Common,,,
87,FALSE,MYO,MYO-0011,,https://f2.toyhou.se/file/f2-toyhou-se/images/106705511_C0I2sjaGqpGK3gJ.png?1756923241,https://f2.toyhou.se/file/f2-toyhou-se/images/106705511_C0I2sjaGqpGK3gJ.png?1756923241,,,,,MYO Design,Dragon,Limatrix,,,FALSE,Lotlity,Lotlity,0,Soulbound,Common,,https://toyhou.se/35008644.ciara-the-jester-puffling,Gold
88,FALSE,MYO,MYO-0012,,https://f2.toyhou.se/file/f2-toyhou-se/thumbnails/106742018_7kg.png,https://f2.toyhou.se/file/f2-toyhou-se/thumbnails/106742018_7kg.png,,,,,MYO Design,Dragon,bobodi,,,FALSE,Pokibloodfallen,Pokibloodfallen,0,Soulbound,Common,,https://toyhou.se/35020629.popotus-puffling,Fluffy tail
89,FALSE,MYO,MYO-0013,,https://f2.toyhou.se/file/f2-toyhou-se/images/106743048_jiAThcdZoCQYvvC.png,https://f2.toyhou.se/file/f2-toyhou-se/images/106743048_jiAThcdZoCQYvvC.png,,,,,MYO Design,Dragon,Limatrix,,,FALSE,Pokibloodfallen,Pokibloodfallen,0,Soulbound,Common,,https://toyhou.se/10301855.poki/35020890.puffling-au,Fluffy tail
90,FALSE,MYO,MYO-0014,,https://f2.toyhou.se/file/f2-toyhou-se/characters/35618701?1760130644,https://f2.toyhou.se/file/f2-toyhou-se/characters/35618701?1760130644,,,,,MYO Design,Behemoth,Limatrix,,,FALSE,Flummery,Flummery,0,Soulbound,,,https://toyhou.se/35618701.tba,"Magic Marking, Adaptable horn, Spike"
91,FALSE,MYO,MYO-0015,,https://f2.toyhou.se/file/f2-toyhou-se/characters/35614928?1760200451,https://f2.toyhou.se/file/f2-toyhou-se/characters/35614928?1760200451,,,,,MYO Design,Leviathan,Limatrix,,,FALSE,elendd,elendd,0,Soulbound,,,https://toyhou.se/35614928.tba,"Gold, Insect Wing, Magic Marking"
92,FALSE,MYO,MYO-0016,,https://f2.toyhou.se/file/f2-toyhou-se/thumbnails/107691674_KZ6.png,https://f2.toyhou.se/file/f2-toyhou-se/thumbnails/107691674_KZ6.png,,,,,MYO Design,Leviathan,Limatrix,,,FALSE,langmaew,langmaew,0,Soulbound,,,https://toyhou.se/35335219.tba,"Insect Wing, Water, Shimmer"
93,FALSE,MYO,MYO-0017,,https://f2.toyhou.se/file/f2-toyhou-se/images/107691657_ijBlR79Giw0ZoAO.png,https://f2.toyhou.se/file/f2-toyhou-se/images/107691657_ijBlR79Giw0ZoAO.png,,,,,MYO Design,Wyvern,Limatrix,,,FALSE,langmaew,langmaew,0,Soulbound,,,https://toyhou.se/35335217.tba,"Shimmer, Living Doll"
94,FALSE,MYO,MYO-0018,,https://f2.toyhou.se/file/f2-toyhou-se/thumbnails/107691643_0E8.png,https://f2.toyhou.se/file/f2-toyhou-se/thumbnails/107691643_0E8.png,,,,,MYO Design,Dragon,Limatrix,,,FALSE,langmaew,langmaew,0,Soulbound,,,https://toyhou.se/35335209.tba,
95,FALSE,MYO,MYO-0019,,https://f2.toyhou.se/file/f2-toyhou-se/thumbnails/107691619_GA9.png,https://f2.toyhou.se/file/f2-toyhou-se/thumbnails/107691619_GA9.png,,,,,MYO Design,Behemoth,Limatrix,,,FALSE,langmaew,langmaew,0,Soulbound,,,https://toyhou.se/35335204.tba,"Gold, Insect Wing, Shimmer"
96,FALSE,MYO,MYO-0020,,https://f2.toyhou.se/file/f2-toyhou-se/thumbnails/107691604_4iN.png,https://f2.toyhou.se/file/f2-toyhou-se/thumbnails/107691604_4iN.png,,,,,MYO Design,Dragon,Limatrix,,,FALSE,langmaew,langmaew,0,Soulbound,,,https://toyhou.se/35335202.tba,"Flora, Insect Wing, Shimmer"
97,FALSE,PUF,PUF-0065,,https://f2.toyhou.se/file/f2-toyhou-se/images/109548707_Sz8ljH8qoKWNqgR.png,https://f2.toyhou.se/file/f2-toyhou-se/images/109548707_Sz8ljH8qoKWNqgR.png,,https://f2.toyhou.se/file/f2-toyhou-se/images/109548971_sIkc32LJYQRCDrE.png,https://f2.toyhou.se/file/f2-toyhou-se/images/109548971_sIkc32LJYQRCDrE.png,,Official Design,Leviathan,pohsivix,,,FALSE,Ninovel,Ninovel,175,,Super Rare,,https://toyhou.se/35936462.sea-bunny-puffling,"Sea Bunny, Glow"
98,FALSE,PUF,PUF-0066,,https://f2.toyhou.se/file/f2-toyhou-se/images/109549196_64sF5ETR2hCBxpS.png,https://f2.toyhou.se/file/f2-toyhou-se/images/109549196_64sF5ETR2hCBxpS.png,,https://f2.toyhou.se/file/f2-toyhou-se/images/109553042_dxkhiDK4ycK0ZlC.png,https://f2.toyhou.se/file/f2-toyhou-se/images/109553042_dxkhiDK4ycK0ZlC.png,,Official Design,Dragon,estriox,SEEKER-0005,,FALSE,Ninovel,Ninovel,175,,Rare,,https://toyhou.se/35936962.shion-puffling,"Will-o'-Wisp, Fluffy tail"
99,FALSE,,Guard Kuro,Guard Kuro,https://img-l.ink/img/15alphm-F8mranE3s51bjTgFW6ijbwx9h.png,https://img-l.ink/img/15alphm-F8mranE3s51bjTgFW6ijbwx9h.png,,,,,NPC,Dragon,Ninovel,,,FALSE,,,,,,,,
100,FALSE,,Guard Shiro,Guard Shiro,https://img-l.ink/img/1uLrR8fZ2Xmac5PQLvLlpWTqh0qh7e2uf.png,https://img-l.ink/img/1uLrR8fZ2Xmac5PQLvLlpWTqh0qh7e2uf.png,,,,,NPC,Dragon,Ninovel,,,FALSE,,,,,,,,
101,,MYO,MYO-0021,,https://f2.toyhou.se/file/f2-toyhou-se/images/109829564_GyM9XIQNtbdUTnP.png,https://f2.toyhou.se/file/f2-toyhou-se/images/109829564_GyM9XIQNtbdUTnP.png,,,,,MYO Design,Dragon,anzamistravis_23224,,,,anzamistravis_23224 (Desphiria),anzamistravis_23224 (Desphiria),0,Soulbound,Rare,,,Insect Wing
102,,MYO,MYO-0022,,https://f2.toyhou.se/file/f2-toyhou-se/images/109680459_pFsVcaoCoS1vTVF.png,https://f2.toyhou.se/file/f2-toyhou-se/images/109680459_pFsVcaoCoS1vTVF.png,,,,,MYO Design,Behemoth,mipyguy,,,,mipyguy,mipyguy,0,,Common,,,"Spiky fur, Fluffy tail"
103,,MYO,MYO-0023,,,https://img-l.ink/img/1QEduYq4NDCGMnNmFcY8mKSeZ_jpsgtCe.png,,,,,MYO Slot,,pohsivix,,,,,,,Soulbound,Common,,Souldbound until designed!,
104,,MYO,MYO-0024,,,https://img-l.ink/img/1QEduYq4NDCGMnNmFcY8mKSeZ_jpsgtCe.png,,,,,MYO Slot,,estriox,,,,,,,Soulbound,Common,,Souldbound until designed!,
105,,MYO,MYO-0025,,,https://img-l.ink/img/1QEduYq4NDCGMnNmFcY8mKSeZ_jpsgtCe.png,,,,,MYO Slot,,omnomgoms,,,,,,,Soulbound,Common,,Souldbound until designed!,
106,,MYO,MYO-0026,,,https://img-l.ink/img/1QEduYq4NDCGMnNmFcY8mKSeZ_jpsgtCe.png,,,,,MYO Slot,,.archivist,,,,,,,Soulbound,Common,,Souldbound until designed!,
107,,MYO,MYO-0027,,,https://img-l.ink/img/1QEduYq4NDCGMnNmFcY8mKSeZ_jpsgtCe.png,,,,,MYO Slot,,canineking,,,,,,,Soulbound,Common,,Souldbound until designed!,
108,,MYO,MYO-0028,,,https://img-l.ink/img/1QEduYq4NDCGMnNmFcY8mKSeZ_jpsgtCe.png,,,,,MYO Slot,,diabolicbab,,,,,,,Soulbound,Common,,Souldbound until designed!,
109,FALSE,MYO,MYO-0029,,,https://img-l.ink/img/1QEduYq4NDCGMnNmFcY8mKSeZ_jpsgtCe.png,,,,,MYO Slot,,banmon,,,,,,,Soulbound,Common,,Souldbound until designed!,
110,,MYO,MYO-0030,,,https://img-l.ink/img/1QEduYq4NDCGMnNmFcY8mKSeZ_jpsgtCe.png,,,,,MYO Slot,,himejoshiheart,,,,,,,Soulbound,Common,,Souldbound until designed!,
111,,MYO,MYO-0031,,,https://img-l.ink/img/1QEduYq4NDCGMnNmFcY8mKSeZ_jpsgtCe.png,,,,,MYO Slot,,.yaoyao.,,,,,,,Soulbound,Common,,Souldbound until designed!,
112,,MYO,MYO-0032,,https://f2.toyhou.se/file/f2-toyhou-se/images/109679932_Q1VA7ZyuAslmk49.png,https://f2.toyhou.se/file/f2-toyhou-se/images/109679932_Q1VA7ZyuAslmk49.png,,,,,MYO Design,Dragon,the_littlerabbit,SEEKER-0008,,,Meowthie,Meowthie,0,,Rare,,,Living Doll
113,,MYO,MYO-0033,,,https://img-l.ink/img/1QEduYq4NDCGMnNmFcY8mKSeZ_jpsgtCe.png,,,,,MYO Slot,,wawclass,,,,,,,Soulbound,Common,,Souldbound until designed!,
114,,MYO,MYO-0034,,https://f2.toyhou.se/file/f2-toyhou-se/images/109745134_H5JkRTUWLLcELNP.png,https://f2.toyhou.se/file/f2-toyhou-se/images/109745134_H5JkRTUWLLcELNP.png,,,,,MYO Design,Behemoth,mothgod,,,,Mothgod ,Mothgod ,0,Soulbound,Common,,Souldbound until designed!,"Pearl, Fluffy tail"
115,,MYO,MYO-0035,,,https://img-l.ink/img/1QEduYq4NDCGMnNmFcY8mKSeZ_jpsgtCe.png,,,,,MYO Slot,,meiniann,,,,,,,Soulbound,Common,,Souldbound until designed!,
116,,MYO,MYO-0036,,https://f2.toyhou.se/file/f2-toyhou-se/images/109778954_zwv1hQZrdPdSsTz.png,https://f2.toyhou.se/file/f2-toyhou-se/images/109778954_zwv1hQZrdPdSsTz.png,,,,,MYO Design,Dragon,arcadianbun,,,,ArcadianBun,ArcadianBun,0,Soulbound,Rare,,Souldbound until designed!,"Snow, Crystal, Pompom tip"
117,,MYO,MYO-0037,,,https://img-l.ink/img/1QEduYq4NDCGMnNmFcY8mKSeZ_jpsgtCe.png,,,,,MYO Slot,,meranii,,,,,,,Soulbound,Common,,Souldbound until designed!,
118,,MYO,MYO-0038,,,https://img-l.ink/img/1QEduYq4NDCGMnNmFcY8mKSeZ_jpsgtCe.png,,,,,MYO Slot,,teaend_30047,,,,,,,Soulbound,Common,,Souldbound until designed!,
119,,MYO,MYO-0039,,,https://img-l.ink/img/1QEduYq4NDCGMnNmFcY8mKSeZ_jpsgtCe.png,,,,,MYO Slot,,meowthiee,,,,,,,Soulbound,Common,,Souldbound until designed!,
120,,MYO,MYO-0040,,https://f2.toyhou.se/file/f2-toyhou-se/images/109916945_SqCfvbvUgw6DQK9.png,https://f2.toyhou.se/file/f2-toyhou-se/images/109916945_SqCfvbvUgw6DQK9.png,,,,,MYO Design,Wyvern,berrywolf,,,,"Beryllium, Chiberhen, Berrywolf","Beryllium, Chiberhen, Berrywolf",0,Soulbound,Rare,,Souldbound until designed!,"Feathers, Double Limb, Stone, Pompom tip"
121,FALSE,MYO,MYO-0041,,,https://img-l.ink/img/1QEduYq4NDCGMnNmFcY8mKSeZ_jpsgtCe.png,,,,,MYO Slot,,littleblackroses,,,,,,,Soulbound,Common,,Souldbound until designed!,
122,,MYO,MYO-0042,,,https://img-l.ink/img/1QEduYq4NDCGMnNmFcY8mKSeZ_jpsgtCe.png,,,,,MYO Slot,,_reddish,,,,,,,Soulbound,Common,,Souldbound until designed!,
123,,MYO,MYO-0043,,https://f2.toyhou.se/file/f2-toyhou-se/images/109777039_Pc3lBjL2EsCxvV9.png,https://f2.toyhou.se/file/f2-toyhou-se/images/109777039_Pc3lBjL2EsCxvV9.png,,,,,MYO Design,,.tryckster.,SEEKER-0010,,,tryckster.,tryckster.,0,Soulbound,Common,,Souldbound until designed!,
124,,MYO,MYO-0044,,,https://img-l.ink/img/1QEduYq4NDCGMnNmFcY8mKSeZ_jpsgtCe.png,,,,,MYO Slot,,little.aquarium,,,,,,,Soulbound,Common,,Souldbound until designed!,
125,,MYO,MYO-0045,,https://f2.toyhou.se/file/f2-toyhou-se/images/109857356_VUjWtlNLNnvNJOR.png,https://f2.toyhou.se/file/f2-toyhou-se/images/109857356_VUjWtlNLNnvNJOR.png,,,,,MYO Design,Dragon,ani_leaf,,,,Ani_leaf,Ani_leaf,,Soulbound,Common,,Souldbound until designed!,"Dragon ears, Gold"
126,,MYO,MYO-0046,,,https://img-l.ink/img/1QEduYq4NDCGMnNmFcY8mKSeZ_jpsgtCe.png,,,,,MYO Slot,,eeee_3333,,,,,,,Soulbound,Common,,Souldbound until designed!,
127,,MYO,MYO-0047,,,https://img-l.ink/img/1QEduYq4NDCGMnNmFcY8mKSeZ_jpsgtCe.png,,,,,MYO Slot,,zombebe,,,,,,,Soulbound,Common,,Souldbound until designed!,
128,,MYO,MYO-0048,,,https://img-l.ink/img/1QEduYq4NDCGMnNmFcY8mKSeZ_jpsgtCe.png,,,,,MYO Slot,,zoeunderland,,,,,,,Soulbound,Common,,Souldbound until designed!,
129,,MYO,MYO-0049,,,https://img-l.ink/img/1QEduYq4NDCGMnNmFcY8mKSeZ_jpsgtCe.png,,,,,MYO Slot,,lizzygom,,,,,,,Soulbound,Common,,Souldbound until designed!,
130,,MYO,MYO-0050,,,https://img-l.ink/img/1QEduYq4NDCGMnNmFcY8mKSeZ_jpsgtCe.png,,,,,MYO Slot,,yulettia,,,,,,,Soulbound,Common,,Souldbound until designed!,
131,,MYO,MYO-0051,,,https://img-l.ink/img/1QEduYq4NDCGMnNmFcY8mKSeZ_jpsgtCe.png,,,,,MYO Slot,,tendollarcoffee,,,,,,,Soulbound,Common,,Souldbound until designed!,
132,FALSE,MYO,MYO-0052,,,https://img-l.ink/img/1QEduYq4NDCGMnNmFcY8mKSeZ_jpsgtCe.png,,,,,MYO Slot,,sunpurr,,,,,,,Soulbound,Rare,,Souldbound until designed!,
133,,PUF,PUF-0067,,https://f2.toyhou.se/file/f2-toyhou-se/images/109683947_6hR1G61RxJcZGnP.png,https://f2.toyhou.se/file/f2-toyhou-se/images/109683947_6hR1G61RxJcZGnP.png,,,,,Official Design,Wyvern,starwrought,,,,,,,,Rare,,,"Double Limb, Gold, Adaptable Horn"
134,,MYO,MYO-0053,,,https://img-l.ink/img/1QEduYq4NDCGMnNmFcY8mKSeZ_jpsgtCe.png,,,,,MYO Slot,,novarumzypher,,,,,,,Soulbound,Common,,Souldbound until designed!,
135,,MYO,MYO-0054,,https://f2.toyhou.se/file/f2-toyhou-se/images/109690982_JOgZRCWGGJ9zpcy.png,https://f2.toyhou.se/file/f2-toyhou-se/images/109690982_JOgZRCWGGJ9zpcy.png,,,,,MYO Design,,tomatabatata,SEEKER-0007,5,,Tomata,Tomata,,,Rare,,,"Extra large horn, Astral Ring, Gold, Spike, Fluffy tail"
136,,MYO,MYO-0055,,,https://img-l.ink/img/1QEduYq4NDCGMnNmFcY8mKSeZ_jpsgtCe.png,,,,,MYO Slot,,ubed8403,,,,,,,Soulbound,Common,,Souldbound until designed!,
137,,MYO,MYO-0056,,,https://img-l.ink/img/1QEduYq4NDCGMnNmFcY8mKSeZ_jpsgtCe.png,,,,,MYO Slot,,c.t.ketan,,,,,,,Soulbound,Common,,Souldbound until designed!,
138,,MYO,MYO-0057,,,https://img-l.ink/img/1QEduYq4NDCGMnNmFcY8mKSeZ_jpsgtCe.png,,,,,MYO Slot,,tofuluu,,,,,,,Soulbound,Common,,Souldbound until designed!,
139,FALSE,MYO,MYO-0058,,,https://img-l.ink/img/1QEduYq4NDCGMnNmFcY8mKSeZ_jpsgtCe.png,,,,,MYO Slot,,snowllet,,,,,,,Soulbound,Common,,Souldbound until designed!,
140,,MYO,MYO-0059,,,https://img-l.ink/img/1QEduYq4NDCGMnNmFcY8mKSeZ_jpsgtCe.png,,,,,MYO Slot,,limatrix,,,,,,,Soulbound,Common,,Souldbound until designed!,
141,,MYO,MYO-0060,,,https://img-l.ink/img/1QEduYq4NDCGMnNmFcY8mKSeZ_jpsgtCe.png,,,,,MYO Slot,,smolroe,,,,,,,Soulbound,Common,,Souldbound until designed!,
142,,MYO,MYO-0061,,,https://img-l.ink/img/1QEduYq4NDCGMnNmFcY8mKSeZ_jpsgtCe.png,,,,,MYO Slot,,_keiken01,,,,,,,Soulbound,Common,,Souldbound until designed!,
143,,MYO,MYO-0062,,https://f2.toyhou.se/file/f2-toyhou-se/images/109907366_Nn0A64wjuIIA15A.png,https://f2.toyhou.se/file/f2-toyhou-se/images/109907366_Nn0A64wjuIIA15A.png,,https://f2.toyhou.se/file/f2-toyhou-se/images/109907381_FpQwUJpbFpCzPha.png,https://f2.toyhou.se/file/f2-toyhou-se/images/109907381_FpQwUJpbFpCzPha.png,,MYO Design,Dragon,berbirry,SEEKER-0011,,,"birberry for humanoid, Ninovel for puff",Ninovel,,,Rare,,,"Gold, Spike, Adaptable Horn"
144,,MYO,MYO-0063,,,https://img-l.ink/img/1QEduYq4NDCGMnNmFcY8mKSeZ_jpsgtCe.png,,,,,MYO Slot,,weiyiswy,,,,,,,Soulbound,Common,,Souldbound until designed!,
145,,MYO,MYO-0064,,https://f2.toyhou.se/file/f2-toyhou-se/images/109741101_GJcQ8a8nLtjMdZg.png,https://f2.toyhou.se/file/f2-toyhou-se/images/109741101_GJcQ8a8nLtjMdZg.png,,,,,MYO Design,Behemoth,thedandelion.,SEEKER-0009,,,째Dandelion째,째Dandelion째,0,,Common,,,"Crystal, Fluffy tail"
146,,MYO,MYO-0065,,,https://img-l.ink/img/1QEduYq4NDCGMnNmFcY8mKSeZ_jpsgtCe.png,,,,,MYO Slot,,iceliarea,,,,,,,Soulbound,Common,,Souldbound until designed!,
147,FALSE,MYO,MYO-0066,,https://f2.toyhou.se/file/f2-toyhou-se/images/109694416_b6if6GIvEiTFJfS.png,https://f2.toyhou.se/file/f2-toyhou-se/images/109694416_b6if6GIvEiTFJfS.png,,https://f2.toyhou.se/file/f2-toyhou-se/images/109694456_WYmLmPRbE83mnDK.png,https://f2.toyhou.se/file/f2-toyhou-se/images/109694456_WYmLmPRbE83mnDK.png,,MYO Design,Dragon,limatrix,,,FALSE,,,,,Rare,,,"Shimmer, Glass, Gold, Adaptable Horn"
148,,MYO,MYO-0067,,https://f2.toyhou.se/file/f2-toyhou-se/thumbnails/109776311_zXI.png,https://f2.toyhou.se/file/f2-toyhou-se/thumbnails/109776311_zXI.png,,,,,MYO Design,Behemoth,sleepytimesloth,SEEKER-0012,,,SleepytimeSloth,SleepytimeSloth,0,,Rare,,,Flora
149,,MYO,MYO-0068,,,https://img-l.ink/img/1QEduYq4NDCGMnNmFcY8mKSeZ_jpsgtCe.png,,,,,MYO Slot,,denimlich,,,,,,,Soulbound,Common,,Souldbound until designed!,
150,,MYO,MYO-0069,,,https://img-l.ink/img/1QEduYq4NDCGMnNmFcY8mKSeZ_jpsgtCe.png,,,,,MYO Slot,,celerystack,,,,,,,Soulbound,Common,,Souldbound until designed!,
151,,MYO,MYO-0070,,,https://img-l.ink/img/1QEduYq4NDCGMnNmFcY8mKSeZ_jpsgtCe.png,,,,,MYO Slot,,sonibbles,,,,,,,Soulbound,Common,,Souldbound until designed!,
152,,MYO,MYO-0071,,,https://img-l.ink/img/1QEduYq4NDCGMnNmFcY8mKSeZ_jpsgtCe.png,,,,,MYO Slot,,littleredarmada,,,,,,,Soulbound,Common,,Souldbound until designed!,
153,,MYO,MYO-0072,,https://f2.toyhou.se/file/f2-toyhou-se/images/109740903_sVyvkdG6D584IUd.png,https://f2.toyhou.se/file/f2-toyhou-se/images/109740903_sVyvkdG6D584IUd.png,,https://f2.toyhou.se/file/f2-toyhou-se/images/109740914_e6K5vlSeSKHA1gp.png,https://f2.toyhou.se/file/f2-toyhou-se/images/109740914_e6K5vlSeSKHA1gp.png,,MYO Design,Leviathan,goldcora,SEEKER-0006,,,Golden-Boy,Golden-Boy,0,,Rare,,,"Extra large tail, Snow, Fins"
154,,MYO,MYO-0073,,,https://img-l.ink/img/1QEduYq4NDCGMnNmFcY8mKSeZ_jpsgtCe.png,,,,,MYO Slot,,pibge,,,,,,,Soulbound,,,Souldbound until designed!,
155,,MYO,MYO-0074,,,https://img-l.ink/img/1QEduYq4NDCGMnNmFcY8mKSeZ_jpsgtCe.png,,,,,MYO Slot,,gitalight,,,,,,,Soulbound,,,Souldbound until designed!,
156,,MYO,MYO-0075,,,https://img-l.ink/img/1QEduYq4NDCGMnNmFcY8mKSeZ_jpsgtCe.png,,,,,MYO Slot,,vilmamonster,,,,,,,Soulbound,,,Souldbound until designed!,
157,,MYO,MYO-0076,,,https://img-l.ink/img/1QEduYq4NDCGMnNmFcY8mKSeZ_jpsgtCe.png,,,,,MYO Slot,,sinomis,,,,,,,Soulbound,Common,,soulbound until designed,
158,,PUF,PUF-0068,,https://f2.toyhou.se/file/f2-toyhou-se/images/109755759_215IV9K7GbfLJrM.png,https://f2.toyhou.se/file/f2-toyhou-se/images/109755759_215IV9K7GbfLJrM.png,,,,,Official Design,Wyvern,happimochi,,,,Ninovel,Ninovel,50,,Super Rare,,,"Adaptable Horn, Gold, Feathers, Pearl, Pompom tip, Puff in a box"
159,,MYO,MYO-0077,,,https://img-l.ink/img/1QEduYq4NDCGMnNmFcY8mKSeZ_jpsgtCe.png,,,,,MYO Slot,,riotrobyn,,,,,,,Soulbound,Common,,soulbound ubtil designed,
160,,MYO,MYO-0078,,,https://img-l.ink/img/1QEduYq4NDCGMnNmFcY8mKSeZ_jpsgtCe.png,,,,,MYO Slot,,fatedhope,,,,,,,Soulbound,Common,,soulbound until designed,
161,,MYO,MYO-0079,,,https://img-l.ink/img/1QEduYq4NDCGMnNmFcY8mKSeZ_jpsgtCe.png,,,,,MYO Slot,,minmixora,,,,,,,Soulbound,Common,,soulbound until designed,
162,,MYO,MYO-0080,,,https://img-l.ink/img/1QEduYq4NDCGMnNmFcY8mKSeZ_jpsgtCe.png,,,,,MYO Slot,,medicine4u,,,,,,,Soulbound,Common,,soulbound until designed,
163,,MYO,MYO-0081,,,https://img-l.ink/img/1QEduYq4NDCGMnNmFcY8mKSeZ_jpsgtCe.png,,,,,MYO Slot,,tahmix,,,,,,,Soulbound,Common,,soulbound until designed,
164,,MYO,MYO-0082,,,https://img-l.ink/img/1QEduYq4NDCGMnNmFcY8mKSeZ_jpsgtCe.png,,,,,MYO Slot,,happimochi,,,,,,0,Soulbound,,,Souldbound until designed!,
165,,MYO,MYO-0083,,,https://img-l.ink/img/1QEduYq4NDCGMnNmFcY8mKSeZ_jpsgtCe.png,,,,,MYO Slot,,happimochi,,,,,,40,,Rare,,Premuim Rare Slot before we changed the system!,
166,,PUF,PUF-0069,,https://f2.toyhou.se/file/f2-toyhou-se/images/105664737_Mpmn6kwTtNUhURq.png?1762275526,https://f2.toyhou.se/file/f2-toyhou-se/images/105664737_Mpmn6kwTtNUhURq.png?1762275526,,https://f2.toyhou.se/file/f2-toyhou-se/images/109783501_OBqZfnLDkSCbFfK.png,https://f2.toyhou.se/file/f2-toyhou-se/images/109783501_OBqZfnLDkSCbFfK.png,,Official Design,Leviathan,tenithen,,,,Ninovel,Ninovel,500,,Ultra Rare,,,"Octo, Shimmer, Adaptable Horn"
167,,MYO,MYO-0084,,,https://img-l.ink/img/1QEduYq4NDCGMnNmFcY8mKSeZ_jpsgtCe.png,,,,,MYO Slot,,verchachao,,,,,,,Soulbound,Common,,soulbound until designed,
168,,MYO,MYO-0085,,,https://img-l.ink/img/1QEduYq4NDCGMnNmFcY8mKSeZ_jpsgtCe.png,,,,,MYO Slot,,mossy.king,,,,,,,Soulbound,Common,,soulbound until designed,
169,,MYO,MYO-0086,,,https://img-l.ink/img/1QEduYq4NDCGMnNmFcY8mKSeZ_jpsgtCe.png,,,,,MYO Slot,,chuuchichu,,,,,,,Soulbound,Common,,soulbound until designed,
170,,MYO,MYO-0087,,,https://img-l.ink/img/1QEduYq4NDCGMnNmFcY8mKSeZ_jpsgtCe.png,,,,,MYO Slot,,nakanoooo,,,,,,,Soulbound,Common,,soulbound until designed,
171,,MYO,MYO-0088,,,https://img-l.ink/img/1QEduYq4NDCGMnNmFcY8mKSeZ_jpsgtCe.png,,,,,MYO Slot,,elementstarart,,,,,,,Soulbound,Common,,Bound until designed,
172,,MYO,MYO-0089,,,https://img-l.ink/img/1QEduYq4NDCGMnNmFcY8mKSeZ_jpsgtCe.png,,,,,MYO Slot,,kittycat0609,,,,,,,Soulbound,Common,,Bound until designed,
173,,MYO,MYO-0090,,,https://img-l.ink/img/1QEduYq4NDCGMnNmFcY8mKSeZ_jpsgtCe.png,,,,,MYO Slot,,puppychan48,,,,,,,Soulbound,Common,,Bound until designed,
174,,MYO,MYO-0091,,,https://img-l.ink/img/1QEduYq4NDCGMnNmFcY8mKSeZ_jpsgtCe.png,,,,,MYO Slot,,togetherinsong,,,,,,,Soulbound,Common,,soulbound until used,
175,,MYO,MYO-0092,,,https://img-l.ink/img/1QEduYq4NDCGMnNmFcY8mKSeZ_jpsgtCe.png,,,,,MYO Slot,,luceil.,,,,,,,Soulbound,Common,,Souldbound until designed!,
176,,MYO,MYO-0093,,,https://img-l.ink/img/1QEduYq4NDCGMnNmFcY8mKSeZ_jpsgtCe.png,,,,,MYO Slot,,sianea,,,,,,,Soulbound,Common,,soulbound until designed,
177,,MYO,MYO-0094,,,https://img-l.ink/img/1QEduYq4NDCGMnNmFcY8mKSeZ_jpsgtCe.png,,,,,MYO Slot,,robuttrock,,,,,,,Soulbound,Common,,soulbound until designed,
178,FALSE,MYO,MYO-0095,,,https://img-l.ink/img/1QEduYq4NDCGMnNmFcY8mKSeZ_jpsgtCe.png,,,,,MYO Slot,,saltyspitooon,,,,,,,Soulbound,Common,,Souldbound until designed!,
179,,MYO,MYO-0096,,,https://img-l.ink/img/1QEduYq4NDCGMnNmFcY8mKSeZ_jpsgtCe.png,,,,,MYO Slot,,dino_draws,,,,,,,Soulbound,Common,,soulbound until desgined,
180,,MYO,MYO-0097,,,https://img-l.ink/img/1QEduYq4NDCGMnNmFcY8mKSeZ_jpsgtCe.png,,,,,MYO Slot,,kaijunaut,,,,,,,Soulbound,Common,,soulbound until desgined,
181,,MYO,MYO-0098,,,https://img-l.ink/img/1QEduYq4NDCGMnNmFcY8mKSeZ_jpsgtCe.png,,,,,MYO Slot,,confessionals,,,,,,,Soulbound,Common,,Souldbound until designed!,
182,,MYO,MYO-0099,,,https://img-l.ink/img/1QEduYq4NDCGMnNmFcY8mKSeZ_jpsgtCe.png,,,,,MYO Slot,,seleritz,,,,,,,Soulbound,Common,,Soulbound until designed!,
183,,MYO,MYO-0100,,,https://img-l.ink/img/1QEduYq4NDCGMnNmFcY8mKSeZ_jpsgtCe.png,,,,,MYO Slot,,cracked.skullz,,,,,,,Soulbound,Common,,Soulbound until designed!,
184,,MYO,MYO-0101,,,https://img-l.ink/img/1QEduYq4NDCGMnNmFcY8mKSeZ_jpsgtCe.png,,,,,MYO Slot,,unluckykuro,,,,,,,Soulbound,Common,,soulbound until desgined,
185,,MYO,MYO-0102,,,https://img-l.ink/img/1QEduYq4NDCGMnNmFcY8mKSeZ_jpsgtCe.png,,,,,MYO Slot,,chibiaero,,,,,,,Soulbound,Common,,Soulbound until designed,
186,,MYO,MYO-0103,,,https://img-l.ink/img/1QEduYq4NDCGMnNmFcY8mKSeZ_jpsgtCe.png,,,,,MYO Slot,,rrenaii,,,,,,,,Common,,Soulbound until designed,
187,,MYO,MYO-0104,,,https://img-l.ink/img/1QEduYq4NDCGMnNmFcY8mKSeZ_jpsgtCe.png,,,,,MYO Slot,,luceil.,,,,,,20,,Common,,Premium 'Common' Slot!,